GROUP,PACKAGE,CLASS,INSTRUCTION_MISSED,INSTRUCTION_COVERED,BRANCH_MISSED,BRANCH_COVERED,LINE_MISSED,LINE_COVERED,COMPLEXITY_MISSED,COMPLEXITY_COVERED,METHOD_MISSED,METHOD_COVERED
RentAndRoll,Backend,MysqlCon,28,0,0,0,9,0,2,0,2,0
RentAndRoll,Model,Car,0,87,0,0,0,37,0,25,0,25
RentAndRoll,Model,Booking,52,0,0,0,22,0,15,0,15,0
RentAndRoll,Model,CarOwner,56,0,0,0,20,0,11,0,11,0
RentAndRoll,Model,Customer,56,0,0,0,20,0,11,0,11,0
RentAndRoll,Controller,BookingController,283,0,12,0,87,0,13,0,7,0
RentAndRoll,Controller,CarController,335,0,10,0,96,0,14,0,9,0
RentAndRoll,Controller,CarOwnerController,290,0,10,0,90,0,17,0,12,0
RentAndRoll,Controller,CustomerController,280,0,10,0,89,0,17,0,12,0
RentAndRoll,utilities,DatabaseConnector,21,0,2,0,9,0,4,0,3,0
RentAndRoll,View,AddCustomer.new WindowAdapter() {...},14,0,0,0,4,0,2,0,2,0
RentAndRoll,View,AddCar.new ActionListener() {...},13,0,0,0,4,0,2,0,2,0
RentAndRoll,View,OwnerDashboard,702,0,36,0,136,0,24,0,3,0
RentAndRoll,View,AddCar.new ActionListener() {...},37,0,0,0,7,0,2,0,2,0
RentAndRoll,View,AddCar.new WindowAdapter() {...},13,0,0,0,4,0,2,0,2,0
RentAndRoll,View,Login.LoginActionListener,84,0,9,0,19,0,7,0,2,0
RentAndRoll,View,RemoveCar.new ActionListener() {...},13,0,0,0,3,0,2,0,2,0
RentAndRoll,View,CarDashboard.new DefaultTableModel() {...},10,0,0,0,2,0,2,0,2,0
RentAndRoll,View,RemoveCar.new ActionListener() {...},13,0,0,0,4,0,2,0,2,0
RentAndRoll,View,BookingDashboard.new DefaultTableModel() {...},10,0,0,0,2,0,2,0,2,0
RentAndRoll,View,RemoveCar.new WindowAdapter() {...},13,0,0,0,4,0,2,0,2,0
RentAndRoll,View,AddCarOwner.new WindowAdapter() {...},14,0,0,0,4,0,2,0,2,0
RentAndRoll,View,CustomerDashboard.new DefaultTableModel() {...},10,0,0,0,2,0,2,0,2,0
RentAndRoll,View,RemoveBooking.new ActionListener() {...},13,0,0,0,3,0,2,0,2,0
RentAndRoll,View,RemoveBooking.new WindowAdapter() {...},13,0,0,0,4,0,2,0,2,0
RentAndRoll,View,RemoveBooking.new ActionListener() {...},13,0,0,0,4,0,2,0,2,0
RentAndRoll,View,Runner,71,0,0,0,21,0,4,0,4,0
RentAndRoll,View,BookingDashboard,324,0,0,0,52,0,3,0,3,0
RentAndRoll,View,CarDashboard,420,0,0,0,64,0,3,0,3,0
RentAndRoll,View,BookingDashboard.Booking_Details_ActionListener,42,0,5,0,13,0,6,0,2,0
RentAndRoll,View,ParentFrame.new WindowAdapter() {...},19,0,2,0,5,0,3,0,2,0
RentAndRoll,View,AddCarOwner.CarOwner_Add_ActionListener,95,0,11,0,23,0,8,0,2,0
RentAndRoll,View,CarDashboard.Car_Details_ActionListener,68,0,7,0,22,0,8,0,2,0
RentAndRoll,View,AddBooking.new WindowAdapter() {...},13,0,0,0,4,0,2,0,2,0
RentAndRoll,View,MainMenu,226,0,5,0,48,0,7,0,3,0
RentAndRoll,View,RemoveCar,112,0,0,0,21,0,1,0,1,0
RentAndRoll,View,AddCustomer,202,0,0,0,31,0,1,0,1,0
RentAndRoll,View,Login,397,0,0,0,59,0,2,0,2,0
RentAndRoll,View,AddCarOwner,194,0,0,0,29,0,1,0,1,0
RentAndRoll,View,UpdateCarOwner.new ActionListener() {...},14,0,0,0,4,0,2,0,2,0
RentAndRoll,View,UpdateCarOwner.new ActionListener() {...},13,0,0,0,3,0,2,0,2,0
RentAndRoll,View,AddBooking.new ActionListener() {...},13,0,0,0,4,0,2,0,2,0
RentAndRoll,View,AddBooking.new ActionListener() {...},13,0,0,0,3,0,2,0,2,0
RentAndRoll,View,ParentFrame.Parent_JFrame_ActionListner,57,0,6,0,16,0,6,0,2,0
RentAndRoll,View,CustomerDashboard,696,0,36,0,135,0,24,0,3,0
RentAndRoll,View,AddCar,507,0,2,0,77,0,2,0,1,0
RentAndRoll,View,OwnerDashboard.new DefaultTableModel() {...},10,0,0,0,2,0,2,0,2,0
RentAndRoll,View,RemoveBooking,112,0,0,0,21,0,1,0,1,0
RentAndRoll,View,ParentFrame,92,0,0,0,19,0,2,0,2,0
RentAndRoll,View,UpdateCarOwner.new WindowAdapter() {...},14,0,0,0,4,0,2,0,2,0
RentAndRoll,View,UpdateCarOwner,142,0,0,0,22,0,1,0,1,0
RentAndRoll,View,AddCustomer.Customer_Add_ActionListener,95,0,11,0,23,0,8,0,2,0
RentAndRoll,View,AddBooking,141,0,0,0,26,0,1,0,1,0
